epoch,accuracy,loss,val_accuracy,val_loss
0,0.34312498569488525,1.8221449851989746,0.47251373529434204,1.4610337018966675
