epoch,accuracy,loss,val_accuracy,val_loss
0,0.2175000011920929,4.6678080558776855,0.25487256050109863,3.8326351642608643
1,0.27543696761131287,3.4637832641601562,0.25187405943870544,3.380350112915039
